state,county,current_votes,total_votes,percent
Georgia,Appling County,8159,8341,98
Georgia,Atkinson County,2995,3155,95
Georgia,Bacon County,4512,4668,100
Georgia,Baker County,1514,1555,100
Georgia,Baldwin County,17942,18251,100
Georgia,Banks County,8679,8786,99
Georgia,Barrow County,37226,38017,100
Georgia,Bartow County,49618,50375,98
Georgia,Ben Hill County,6444,6560,100
Georgia,Berrien County,7556,7731,98
Georgia,Bibb County,69700,70623,99
Georgia,Bleckley County,5613,5704,98
Georgia,Brantley County,7388,7731,96
Georgia,Brooks County,6835,7100,100
Georgia,Bryan County,20884,21338,98
Georgia,Bulloch County,29558,30084,100
Georgia,Burke County,10465,10680,98
Georgia,Butts County,11617,11786,99
Georgia,Calhoun County,2156,2193,98
Georgia,Camden County,22917,23671,97
Georgia,Candler County,4312,4420,100
Georgia,Carroll County,53687,54416,99
Georgia,Catoosa County,31736,32659,97
Georgia,Charlton County,4323,4563,95
Georgia,Chatham County,131309,134993,95
Georgia,Chattahoochee County,1534,1587,97
Georgia,Chattooga County,9703,10041,97
Georgia,Cherokee County,142020,144598,98
Georgia,Clarke County,50597,51098,99
Georgia,Clay County,1409,1432,98
Georgia,Clayton County,110057,109357,95
Georgia,Clinch County,2700,2860,94
Georgia,Cobb County,388582,393314,95
Georgia,Coffee County,14632,15142,97
Georgia,Colquitt County,15779,16067,98
Georgia,Columbia County,79405,80579,100
Georgia,Cook County,6914,7035,100
Georgia,Coweta County,75642,76799,100
Georgia,Crawford County,5998,6089,99
Georgia,Crisp County,7885,8052,100
Georgia,Dade County,7157,7423,96
Georgia,Dawson County,15848,16075,99
Georgia,Decatur County,11319,11627,100
Georgia,DeKalb County,365786,367359,99
Georgia,Dodge County,7885,8064,98
Georgia,Dooly County,4005,4098,98
Georgia,Dougherty County,34836,35103,99
Georgia,Douglas County,68098,68715,99
Georgia,Early County,4966,5184,96
Georgia,Echols County,1381,1441,96
Georgia,Effingham County,30973,31592,98
Georgia,Elbert County,8981,9171,100
Georgia,Emanuel County,9191,9501,97
Georgia,Evans County,4147,4247,100
Georgia,Fannin County,14547,14825,98
Georgia,Fayette County,68124,69096,99
Georgia,Floyd County,37824,42943,88
Georgia,Forsyth County,126935,121876,95
Georgia,Franklin County,10590,10786,100
Georgia,Fulton County,515024,514694,95
Georgia,Gilmer County,16131,16450,98
Georgia,Glascock County,1500,1566,100
Georgia,Glynn County,40767,41926,97
Georgia,Gordon County,23470,24011,98
Georgia,Grady County,10389,10689,97
Georgia,Greene County,11123,11242,99
Georgia,Gwinnett County,402187,410481,95
Georgia,Habersham County,20100,20407,98
Georgia,Hall County,89413,90424,99
Georgia,Hancock County,4089,4162,98
Georgia,Haralson County,13972,14266,98
Georgia,Harris County,19738,19969,99
Georgia,Hart County,12354,12721,97
Georgia,Heard County,5249,5397,100
Georgia,Henry County,121470,122529,99
Georgia,Houston County,73818,74670,99
Georgia,Irwin County,4093,4168,100
Georgia,Jackson County,37156,37663,99
Georgia,Jasper County,7537,7629,99
Georgia,Jeff Davis County,5603,5771,97
Georgia,Jefferson County,7462,7642,100
Georgia,Jenkins County,3366,3451,98
Georgia,Johnson County,3961,4100,97
Georgia,Jones County,14754,14956,99
Georgia,Lamar County,8933,9028,99
Georgia,Lanier County,3428,3576,96
Georgia,Laurens County,22287,22000,95
Georgia,Lee County,16458,16714,100
Georgia,Liberty County,20913,21326,98
Georgia,Lincoln County,4554,4643,98
Georgia,Long County,5520,5617,98
Georgia,Lowndes County,45145,45890,98
Georgia,Lumpkin County,15319,15524,99
Georgia,McDuffie County,10307,10451,99
Georgia,McIntosh County,6494,6694,97
Georgia,Macon County,4553,4662,100
Georgia,Madison County,14446,14707,98
Georgia,Marion County,3550,3624,98
Georgia,Meriwether County,10694,10869,98
Georgia,Miller County,2643,2830,93
Georgia,Mitchell County,8810,8956,98
Georgia,Monroe County,15345,15583,98
Georgia,Montgomery County,3834,3962,97
Georgia,Morgan County,11563,11689,99
Georgia,Murray County,14731,15389,100
Georgia,Muscogee County,79215,80404,100
Georgia,Newton County,53559,54177,99
Georgia,Oconee County,24909,25157,99
Georgia,Oglethorpe County,7966,8126,98
Georgia,Paulding County,83887,85273,98
Georgia,Peach County,12352,12523,99
Georgia,Pickens County,16836,17113,98
Georgia,Pierce County,8785,9047,97
Georgia,Pike County,10576,10715,99
Georgia,Polk County,17018,17375,98
Georgia,Pulaski County,3979,4059,98
Georgia,Putnam County,11496,11855,100
Georgia,Quitman County,1077,1106,100
Georgia,Rabun County,9386,9566,98
Georgia,Randolph County,3022,3074,98
Georgia,Richmond County,85349,86584,99
Georgia,Rockdale County,44210,43586,99
Georgia,Schley County,2226,2274,98
Georgia,Screven County,6456,6627,100
Georgia,Seminole County,3737,3877,96
Georgia,Spalding County,29713,28996,99
Georgia,Stephens County,11638,11875,98
Georgia,Stewart County,1906,1978,96
Georgia,Sumter County,11978,12150,99
Georgia,Talbot County,3449,3519,98
Georgia,Taliaferro County,884,927,95
Georgia,Tattnall County,7930,8175,97
Georgia,Taylor County,3769,3972,95
Georgia,Telfair County,4179,4323,97
Georgia,Terrell County,4348,4416,100
Georgia,Thomas County,21253,21831,97
Georgia,Tift County,15987,16257,98
Georgia,Toombs County,10651,10903,98
Georgia,Towns County,7847,7968,98
Georgia,Treutlen County,2965,3077,96
Georgia,Troup County,29548,29967,99
Georgia,Turner County,3717,3792,100
Georgia,Twiggs County,4339,4438,98
Georgia,Union County,15362,15579,99
Georgia,Upson County,12719,12899,99
Georgia,Walker County,28536,29423,97
Georgia,Walton County,50136,50759,99
Georgia,Ware County,13846,14296,100
Georgia,Warren County,2613,2681,100
Georgia,Washington County,9197,9459,100
Georgia,Wayne County,12473,12778,100
Georgia,Webster County,1359,1390,98
Georgia,Wheeler County,2227,2283,98
Georgia,White County,14646,14705,99
Georgia,Whitfield County,35593,36680,97
Georgia,Wilcox County,3218,3281,98
Georgia,Wilkes County,4906,5029,100
Georgia,Wilkinson County,4689,4770,98
Georgia,Worth County,9127,9281,98
